,customer_id,0,1,prediction
0,2897,0.9426334168589131,0.05736658314108694,0
1,6407,0.9278905740070451,0.07210942599295495,0
2,6272,0.9468349422636847,0.05316505773631534,0
3,5638,0.9950236825689995,0.00497631743100048,0
4,903,0.9779665702231674,0.02203342977683269,0
5,3306,0.9235452905404491,0.07645470945955093,0
6,1740,0.6727387174477437,0.3272612825522563,0
7,4037,0.22251305642795327,0.7774869435720467,1
8,2165,0.5877572970409595,0.4122427029590406,0
9,58,0.9810900830686037,0.018909916931396268,0
10,3463,0.32344602765270714,0.6765539723472929,1
11,882,0.9826399624983317,0.017360037501668268,0
12,1848,0.7410295226752044,0.25897047732479556,0
13,5677,0.9877746396522461,0.012225360347753908,0
14,5042,0.46818471735002143,0.5318152826499786,1
15,6617,0.8019867494101229,0.19801325058987707,0
16,1316,0.5869268591531218,0.41307314084687813,0
17,4810,0.49108425911769404,0.508915740882306,1
18,1907,0.5906838985275669,0.40931610147243314,0
19,6381,0.9770469696464529,0.022953030353547104,0
20,1602,0.8945663160462543,0.10543368395374579,0
21,4537,0.18203503519037123,0.8179649648096288,1
22,4105,0.2048849556582112,0.7951150443417888,1
23,3291,0.903127382154122,0.09687261784587793,0
24,1789,0.7637279881822268,0.2362720118177732,0
25,6157,0.986807051503572,0.013192948496428014,0
26,6922,0.8769489861138597,0.1230510138861403,0
27,5542,0.9947728523473354,0.005227147652664655,0
28,2980,0.9241581369003075,0.0758418630996925,0
29,6588,0.8665048581902746,0.13349514180972546,0
30,3622,0.42797747434368094,0.5720225256563191,1
31,6949,0.7877441046989562,0.21225589530104386,0
32,1547,0.7207843072161799,0.27921569278382014,0
33,5298,0.4494818467542334,0.5505181532457666,1
34,4339,0.2890571136242587,0.7109428863757413,1
35,1542,0.8086752750628141,0.19132472493718586,0
36,5885,0.9914122891335345,0.00858771086646544,0
37,5202,0.3516575115989298,0.6483424884010702,1
38,5072,0.8995830260605822,0.10041697393941783,0
39,3074,0.8531562761566498,0.14684372384335023,0
40,6985,0.876201336853144,0.12379866314685593,0
41,3439,0.7449616617369161,0.2550383382630838,0
42,2395,0.43187902286541147,0.5681209771345885,1
43,3925,0.6962165333945154,0.30378346660548466,0
44,5586,0.9913038896446777,0.008696110355322246,0
45,4287,0.4122088306578624,0.5877911693421376,1
46,1440,0.7948673740334959,0.20513262596650406,0
47,4067,0.44219218100439184,0.5578078189956082,1
48,587,0.9662766912180396,0.03372330878196037,0
49,494,0.9778141083143788,0.02218589168562127,0
50,5128,0.2343196274146394,0.7656803725853606,1
51,4434,0.4847678056700413,0.5152321943299587,1
52,5794,0.9938274442966413,0.006172555703358768,0
53,2970,0.7858928858115671,0.21410711418843287,0
54,5120,0.41836405652288866,0.5816359434771113,1
55,5742,0.9922942292762263,0.007705770723773693,0
56,3131,0.8910113371209765,0.10898866287902358,0
57,629,0.9517766331575064,0.04822336684249358,0
58,5604,0.9919582350151078,0.008041764984892154,0
59,4774,0.28134347342572863,0.7186565265742714,1
60,5852,0.9816197149970745,0.018380285002925534,0
61,71,0.9730751058165724,0.026924894183427577,0
62,5045,0.7585082886818029,0.24149171131819713,0
63,3556,0.3484320667921821,0.6515679332078179,1
64,1394,0.5959367909252224,0.4040632090747775,0
65,3112,0.9364387447748482,0.06356125522515176,0
66,6075,0.9888407779203477,0.011159222079652264,0
67,6553,0.8612525434471101,0.13874745655288986,0
68,1401,0.27592826312224605,0.724071736877754,1
69,6917,0.9106803498999463,0.08931965010005376,0
70,4493,0.34125447436621226,0.6587455256337877,1
71,6782,0.747228656794196,0.25277134320580397,0
72,4017,0.45892094024387897,0.541079059756121,1
73,6829,0.7836662348183372,0.2163337651816628,0
74,128,0.987924368724672,0.012075631275327983,0
75,6409,0.9284332724823686,0.07156672751763139,0
76,4467,0.7177640095185045,0.2822359904814955,0
77,3800,0.24523776808221853,0.7547622319177815,1
78,3424,0.6751064824610427,0.3248935175389574,0
79,6885,0.890279934200347,0.10972006579965303,0
80,4787,0.2200696134171013,0.7799303865828987,1
81,6369,0.9837613739473415,0.016238626052658477,0
82,4137,0.6767668412382086,0.3232331587617914,0
83,2143,0.9401458758868741,0.05985412411312584,0
84,2239,0.8562808682472399,0.1437191317527601,0
85,5088,0.49642443757092636,0.5035755624290736,1
86,6098,0.927368015284386,0.07263198471561402,0
87,2898,0.8582108559881694,0.14178914401183063,0
88,4881,0.6730771733352116,0.32692282666478845,0
89,4371,0.6493870468541978,0.35061295314580226,0
90,1905,0.5398900155131328,0.46010998448686724,0
91,3930,0.21294732937130523,0.7870526706286948,1
92,6895,0.9210697513902519,0.07893024860974807,0
93,4090,0.34133453015612447,0.6586654698438755,1
94,3776,0.40089995772712794,0.5991000422728721,1
95,4117,0.3479799286754962,0.6520200713245038,1
96,4503,0.7039031101698906,0.2960968898301094,0
97,3906,0.4808444359679006,0.5191555640320994,1
98,4939,0.34029393098977856,0.6597060690102214,1
99,7039,0.9177626783501386,0.08223732164986138,0
100,4049,0.873847838436487,0.12615216156351308,0
101,3223,0.9162022298801733,0.08379777011982675,0
102,1657,0.3613260882125052,0.6386739117874948,1
103,5783,0.9571705278270748,0.042829472172925244,0
104,6794,0.8355659569562268,0.16443404304377313,0
105,4558,0.3950494583825169,0.6049505416174831,1
106,1254,0.7039571167407102,0.2960428832592899,0
107,5973,0.9939151912684324,0.006084808731567581,0
108,2513,0.9160024315174453,0.08399756848255469,0
109,111,0.9645650344856738,0.03543496551432629,0
110,2920,0.9069361136559074,0.09306388634409259,0
111,3543,0.2650707514631758,0.7349292485368242,1
112,6676,0.8503006605018931,0.1496993394981069,0
113,3742,0.5978187871834246,0.4021812128165754,0
114,2702,0.7745350017200119,0.22546499827998814,0
115,3854,0.3777313726473772,0.6222686273526228,1
116,5817,0.9568920303677496,0.043107969632250415,0
117,2321,0.7671728111072619,0.23282718889273812,0
118,4294,0.2888107839056063,0.7111892160943937,1
119,22,0.9763505530838827,0.023649446916117256,0
120,957,0.9721649351401305,0.0278350648598695,0
121,5963,0.9902563958053244,0.009743604194675569,0
122,1399,0.6061027788653134,0.3938972211346866,0
123,6563,0.8283347494117117,0.1716652505882883,0
124,2580,0.9317626629020801,0.06823733709791995,0
125,932,0.8262145269071923,0.17378547309280765,0
126,3872,0.43139059734599305,0.568609402654007,1
127,6579,0.9031683900375694,0.09683160996243056,0
128,5430,0.4032001587287858,0.5967998412712142,1
129,4193,0.49506998180911443,0.5049300181908856,1
130,3582,0.4661127553507236,0.5338872446492764,1
131,4532,0.31293558744467875,0.6870644125553212,1
132,2030,0.8022500591679945,0.1977499408320055,0
133,5553,0.9813131775241912,0.018686822475808756,0
134,5379,0.46161952560289155,0.5383804743971085,1
135,2859,0.9577576188516951,0.042242381148304885,0
136,2794,0.8987504007170425,0.10124959928295756,0
137,2918,0.7655344348125052,0.2344655651874948,0
138,2056,0.5028035301407816,0.49719646985921845,0
139,3329,0.930941252561968,0.06905874743803203,0
140,5323,0.3040708311467224,0.6959291688532776,1
141,779,0.9360553209932505,0.06394467900674952,0
142,3657,0.1988297553934827,0.8011702446065173,1
143,3726,0.2498220780714664,0.7501779219285336,1
144,4050,0.4944012410007391,0.5055987589992609,1
145,6712,0.9355533216902184,0.0644466783097816,0
146,520,0.9735543882549168,0.02644561174508315,0
147,2641,0.941814048876376,0.05818595112362407,0
148,3908,0.2836865263040024,0.7163134736959976,1
149,1560,0.2938509336550065,0.7061490663449935,1
150,5442,0.26698499009446386,0.7330150099055361,1
151,1786,0.5552849651828814,0.4447150348171186,0
152,3681,0.14401288565349846,0.8559871143465015,1
153,5436,0.7068198253135582,0.2931801746864417,0
154,5051,0.3104146942113285,0.6895853057886715,1
155,6662,0.8375091490595539,0.16249085094044619,0
156,1673,0.8217055371686165,0.17829446283138348,0
157,4930,0.6462441677979954,0.35375583220200457,0
158,4515,0.7050713880203492,0.29492861197965087,0
159,6080,0.9937393815474962,0.006260618452503816,0
160,5080,0.6429856315419484,0.3570143684580515,0
161,6784,0.8268582387973497,0.17314176120265032,0
162,4032,0.6351944850441045,0.3648055149558955,0
163,2375,0.4593597299758039,0.5406402700241961,1
164,7015,0.8908244559398892,0.10917554406011075,0
165,4988,0.7871905470046543,0.21280945299534568,0
166,5655,0.9893362291192722,0.010663770880727761,0
167,5504,0.38639819282510335,0.6136018071748967,1
168,5333,0.36533882476278967,0.6346611752372103,1
169,6451,0.9085852463369701,0.09141475366302981,0
170,7033,0.8184432234703933,0.18155677652960664,0
171,2440,0.8952716137980326,0.10472838620196748,0
172,3210,0.828409384198803,0.17159061580119703,0
173,5941,0.9869714909309473,0.013028509069052754,0
174,98,0.9885762813802151,0.011423718619784872,0
175,1418,0.6607456197288346,0.33925438027116545,0
176,1597,0.6150764179313817,0.3849235820686183,0
177,72,0.9763077348939889,0.023692265106011096,0
178,1257,0.3411647449715679,0.6588352550284321,1
179,5562,0.9877853146964046,0.012214685303595332,0
180,1226,0.8603292104663955,0.13967078953360448,0
181,5103,0.6616062493932464,0.33839375060675364,0
182,6426,0.9816592286305502,0.018340771369449824,0
183,4480,0.39251490684651735,0.6074850931534826,1
184,727,0.9603738268644162,0.03962617313558382,0
185,1685,0.46906109891362824,0.5309389010863718,1
186,6549,0.8621484526824936,0.13785154731750635,0
187,1245,0.8736581090850165,0.12634189091498346,0
188,992,0.9299380599112346,0.07006194008876547,0
189,2968,0.8975363595435066,0.10246364045649335,0
190,5879,0.9902207244459287,0.009779275554071301,0
191,6721,0.80804522095801,0.19195477904199001,0
192,6084,0.9927849304880358,0.0072150695119641145,0
193,5934,0.9940824137692956,0.005917586230704337,0
194,5218,0.42811053498897544,0.5718894650110246,1
195,2083,0.33045485479617054,0.6695451452038295,1
196,6389,0.9704963384012214,0.029503661598778604,0
197,198,0.9023975307584339,0.09760246924156611,0
198,2111,0.686274261838053,0.31372573816194704,0
199,4543,0.3880780856098778,0.6119219143901222,1
200,6945,0.8579825769036626,0.14201742309633736,0
201,1760,0.8658956846865131,0.13410431531348685,0
202,3429,0.19710260328778373,0.8028973967122163,1
203,6974,0.8996744685081843,0.10032553149181572,0
204,6968,0.813062179918592,0.18693782008140808,0
205,206,0.9725488828313376,0.027451117168662404,0
206,1761,0.45026716241020626,0.5497328375897937,1
207,5376,0.6389774517205864,0.3610225482794136,0
208,1203,0.5616814752953642,0.43831852470463584,0
209,5996,0.9534358912508936,0.04656410874910645,0
210,228,0.9857944380149029,0.014205561985097112,0
211,714,0.9566849285398844,0.04331507146011556,0
212,1832,0.7514772251277986,0.24852277487220142,0
213,4625,0.2252219910276001,0.7747780089723999,1
214,6998,0.8758810966011671,0.12411890339883289,0
215,1623,0.9226050315406806,0.07739496845931934,0
216,372,0.9798402538961342,0.020159746103865787,0
217,5318,0.27064858159452765,0.7293514184054724,1
218,5597,0.9864111944479551,0.013588805552044872,0
219,2192,0.8602576417278629,0.13974235827213705,0
220,6192,0.9050671221022892,0.09493287789771075,0
221,3459,0.32898539426762086,0.6710146057323791,1
222,1230,0.5831586870154699,0.41684131298453003,0
223,6312,0.9781981195975059,0.0218018804024941,0
224,2657,0.947471078620989,0.05252892137901103,0
225,1813,0.662776757179331,0.33722324282066896,0
226,270,0.9915737463264083,0.008426253673591776,0
227,2836,0.9510052381651184,0.048994761834881655,0
228,3973,0.4201614268859687,0.5798385731140313,1
229,1891,0.5736378068802963,0.42636219311970364,0
230,975,0.972343874083426,0.027656125916573945,0
231,2277,0.7814812218603149,0.21851877813968507,0
232,5528,0.9516256597286955,0.048374340271304515,0
233,6952,0.8268582387973497,0.17314176120265032,0
234,3091,0.9147892730750375,0.08521072692496244,0
235,1527,0.8620783155189434,0.13792168448105657,0
236,2599,0.8389908197896898,0.16100918021031013,0
237,6517,0.9654830188550175,0.03451698114498247,0
238,3592,0.6556926580343485,0.34430734196565144,0
239,2716,0.892639904081196,0.107360095918804,0
240,4148,0.6637852999899959,0.3362147000100041,0
241,352,0.914352651548416,0.08564734845158396,0
242,436,0.9258084344814136,0.07419156551858637,0
243,5312,0.5198414852274504,0.48015851477254956,0
244,6390,0.9551290520772353,0.0448709479227647,0
245,3663,0.403871335559555,0.596128664440445,1
246,3703,0.42633759774310953,0.5736624022568905,1
247,6171,0.9898467924675304,0.010153207532469592,0
248,3188,0.7221913598497625,0.2778086401502375,0
249,1712,0.4516549298476892,0.5483450701523108,1
250,1900,0.4722778499655479,0.5277221500344521,1
251,5046,0.34217480261666655,0.6578251973833334,1
252,5104,0.44635956145223354,0.5536404385477665,1
253,5547,0.9861421569898466,0.013857843010153324,0
254,986,0.9898152368557165,0.010184763144283569,0
255,3202,0.9430439452450268,0.05695605475497326,0
256,5421,0.4456658858514063,0.5543341141485937,1
257,5231,0.3921654282041933,0.6078345717958067,1
258,4486,0.746084269734724,0.25391573026527603,0
259,4409,0.29054966567806706,0.7094503343219329,1
260,5880,0.9850391685187196,0.014960831481280338,0
261,548,0.9831345391918661,0.016865460808133927,0
262,2429,0.9534745676809225,0.04652543231907742,0
263,1516,0.7218388161492424,0.2781611838507576,0
264,1141,0.869651774957747,0.130348225042253,0
265,875,0.935404479979405,0.06459552002059497,0
266,5724,0.995693882471331,0.00430611752866903,0
267,945,0.9370872640584018,0.06291273594159819,0
268,2960,0.6645006739849901,0.3354993260150099,0
269,8,0.9553713127000246,0.04462868729997534,0
270,2191,0.8652915985505878,0.13470840144941224,0
271,6706,0.9542430391936393,0.045756960806360686,0
272,919,0.9194135704356349,0.08058642956436511,0
273,6583,0.7785663085082724,0.2214336914917277,0
274,1450,0.7585633078597044,0.24143669214029562,0
275,3272,0.8616544633859959,0.13834553661400403,0
276,3052,0.6525657481668228,0.3474342518331772,0
277,2157,0.7125200867427313,0.2874799132572687,0
278,6061,0.9906936870495017,0.009306312950498368,0
279,4554,0.7404012996294815,0.2595987003705185,0
280,91,0.9723386656627611,0.02766133433723895,0
281,2094,0.42751941150207196,0.572480588497928,1
282,1494,0.43315941864906915,0.5668405813509308,1
283,2389,0.6749773737078864,0.3250226262921137,0
284,1056,0.9424750631908418,0.05752493680915813,0
285,3181,0.8714943158841499,0.12850568411585006,0
286,6567,0.975126559642324,0.024873440357676066,0
287,868,0.9706734999480758,0.029326500051924154,0
288,1290,0.29366424449888817,0.7063357555011118,1
289,2669,0.7307461996325708,0.26925380036742924,0
290,4127,0.757907637584696,0.2420923624153039,0
291,5502,0.5822977290617872,0.41770227093821277,0
292,1082,0.825028582085442,0.17497141791455798,0
293,1573,0.6737438512296791,0.32625614877032094,0
294,2770,0.8549990754346282,0.1450009245653719,0
295,5658,0.9911128363371176,0.008887163662882433,0
296,4565,0.38968260640275576,0.6103173935972442,1
297,3119,0.880495445248815,0.11950455475118499,0
298,702,0.9179144245785469,0.08208557542145314,0
299,2397,0.8955657190687204,0.10443428093127963,0
300,5162,0.22363778107421628,0.7763622189257837,1
301,2135,0.43854889454290125,0.5614511054570988,1
302,2653,0.8806747826143116,0.11932521738568834,0
303,4052,0.2821330951307114,0.7178669048692886,1
304,1468,0.7358197880009159,0.26418021199908415,0
305,1847,0.808341558841942,0.19165844115805797,0
306,3771,0.45200638348702615,0.5479936165129738,1
307,2299,0.6485191027036588,0.3514808972963412,0
308,2329,0.5892689758301697,0.41073102416983026,0
309,4373,0.3463769463081988,0.6536230536918012,1
310,1910,0.6536426853765994,0.3463573146234006,0
311,6406,0.9283697010922609,0.07163029890773905,0
312,2697,0.9250459520356813,0.07495404796431872,0
313,5353,0.23167737775718045,0.7683226222428196,1
314,716,0.9884068419205602,0.011593158079439855,0
315,370,0.9424833355032302,0.0575166644967698,0
316,6262,0.9661908325023472,0.03380916749765285,0
317,4827,0.3601750984538832,0.6398249015461168,1
318,4776,0.699750590342425,0.3002494096575749,0
319,6112,0.9906919843524844,0.009308015647515634,0
320,3863,0.7060378525179758,0.2939621474820242,0
321,3239,0.7937440649202896,0.20625593507971043,0
322,1459,0.23885817072187,0.76114182927813,1
323,5623,0.9880679064743177,0.011932093525682301,0
324,3615,0.6125309020132248,0.38746909798677526,0
325,4882,0.7269572004260714,0.2730427995739286,0
326,3515,0.31109135027024304,0.688908649729757,1
327,2297,0.8602203317282782,0.1397796682717219,0
328,3353,0.8558004982735686,0.14419950172643137,0
329,605,0.9770846555584107,0.02291534444158931,0
330,4867,0.6862983490358849,0.313701650964115,0
331,3847,0.27489938630131694,0.7251006136986831,1
332,470,0.9782157128454602,0.021784287154539873,0
333,1349,0.6423023873360871,0.3576976126639129,0
334,5795,0.9873924781930207,0.01260752180697932,0
335,6320,0.993424730531514,0.006575269468485934,0
336,5869,0.9754641154652589,0.024535884534741134,0
337,5451,0.2520816050281508,0.7479183949718492,1
338,5399,0.7822508231653761,0.21774917683462391,0
339,6235,0.9604515594688994,0.03954844053110068,0
340,6994,0.7949965883256749,0.20500341167432518,0
341,6558,0.840017686781164,0.15998231321883602,0
342,3688,0.34355841470308524,0.6564415852969148,1
343,2449,0.7501591296047269,0.2498408703952731,0
344,4634,0.31409080621532115,0.6859091937846789,1
345,6959,0.9015719173319964,0.09842808266800362,0
346,6207,0.9690038688134552,0.030996131186544817,0
347,2762,0.9079814205325444,0.09201857946745562,0
348,4318,0.5609410444151093,0.4390589555848908,0
349,2065,0.6700034023920967,0.3299965976079034,0
350,2824,0.8299067058474241,0.17009329415257587,0
351,6785,0.7932299897818744,0.20677001021812552,0
352,2366,0.27113077842931466,0.7288692215706853,1
353,3888,0.6503497821994084,0.34965021780059163,0
354,6429,0.9644130365990126,0.03558696340098745,0
355,2295,0.8775602694458018,0.1224397305541982,0
356,5625,0.9915474569525902,0.008452543047409852,0
357,6208,0.9819747216513465,0.018025278348653574,0
358,1753,0.8902246466299799,0.10977535337002006,0
359,4535,0.33463596788221883,0.6653640321177812,1
360,6841,0.951516320203771,0.048483679796229064,0
361,2383,0.6205239162166903,0.37947608378330966,0
362,1549,0.7299242388688809,0.2700757611311191,0
363,4979,0.31731250713396386,0.6826874928660361,1
364,2963,0.5560414252992565,0.44395857470074346,0
365,340,0.9790222196564704,0.020977780343529574,0
366,5956,0.9643687932620343,0.03563120673796572,0
367,2207,0.5401518845969004,0.4598481154030995,0
368,2928,0.8135791770841071,0.18642082291589288,0
369,1793,0.679857196310462,0.320142803689538,0
370,2969,0.8974820144106306,0.10251798558936948,0
371,6079,0.9896884724486956,0.010311527551304347,0
372,2470,0.9304606882934283,0.06953931170657174,0
373,5688,0.9941841103745722,0.005815889625427747,0
374,5160,0.348006821180031,0.651993178819969,1
375,1205,0.5923146360909198,0.40768536390908017,0
376,5770,0.9942742850014977,0.005725714998502309,0
377,6457,0.982359140095095,0.01764085990490501,0
378,4953,0.3997804626893948,0.6002195373106052,1
379,2022,0.9103939690456645,0.08960603095433552,0
380,1161,0.9294179820624018,0.07058201793759819,0
381,3844,0.6458561650605967,0.3541438349394033,0
382,5594,0.9597660325418974,0.0402339674581026,0
383,1223,0.6177917928029024,0.3822082071970976,0
384,4347,0.3157613923387026,0.6842386076612974,1
385,92,0.9744361837798673,0.02556381622013272,0
386,3783,0.28618527024933393,0.7138147297506661,1
387,4121,0.3377018748205334,0.6622981251794666,1
388,3476,0.3056889945129262,0.6943110054870738,1
389,5434,0.4176225258434958,0.5823774741565042,1
390,3028,0.7134635346399011,0.2865364653600989,0
391,5428,0.38266126251839816,0.6173387374816018,1
392,1552,0.3993945498173558,0.6006054501826442,1
393,6506,0.9903260355668797,0.009673964433120286,0
394,5282,0.396033367147296,0.603966632852704,1
395,5872,0.9693884587162347,0.030611541283765295,0
396,6530,0.789711994567706,0.21028800543229403,0
397,2410,0.8834770916076107,0.11652290839238935,0
398,4038,0.3142629311680406,0.6857370688319594,1
399,3327,0.8737100954234885,0.12628990457651143,0
400,3970,0.8540992680164371,0.1459007319835629,0
401,4278,0.38428664238275645,0.6157133576172436,1
402,2376,0.9755675736771071,0.024432426322892893,0
403,5662,0.9900683875095352,0.009931612490464795,0
404,2071,0.788915456649171,0.211084543350829,0
405,3768,0.287140609415828,0.712859390584172,1
406,5004,0.3406105435838238,0.6593894564161762,1
407,3059,0.8624003068995088,0.13759969310049125,0
408,4590,0.2679511664126476,0.7320488335873524,1
409,5641,0.9634130605538251,0.03658693944617484,0
410,2233,0.8541277813070564,0.14587221869294367,0
411,2492,0.9043890895594604,0.09561091044053957,0
412,1821,0.93600325387873,0.06399674612127003,0
413,3698,0.6134479041388179,0.38655209586118217,0
414,3383,0.9213996478867543,0.07860035211324566,0
415,892,0.9811707787418037,0.018829221258196346,0
416,6723,0.8717923103160428,0.12820768968395727,0
417,2617,0.8068754874806375,0.19312451251936244,0
418,3680,0.517705656791781,0.482294343208219,0
419,210,0.6727881572105741,0.3272118427894259,0
420,5159,0.5405286568159764,0.4594713431840236,0
421,5143,0.44126127853031605,0.558738721469684,1
422,5453,0.6299455700127459,0.37005442998725413,0
423,2181,0.6619115316641064,0.3380884683358936,0
424,4961,0.4909525979092172,0.5090474020907828,1
425,6658,0.8267682704053394,0.17323172959466054,0
426,3567,0.5693479732785931,0.43065202672140684,0
427,3802,0.32470209853741727,0.6752979014625827,1
428,5486,0.26310023390214854,0.7368997660978515,1
429,5366,0.3862410476258451,0.6137589523741549,1
430,5659,0.987462903033599,0.012537096966401071,0
431,2246,0.8380193674197864,0.16198063258021353,0
432,2892,0.9177632503890046,0.08223674961099539,0
433,5916,0.9621656963055906,0.03783430369440942,0
434,2052,0.7153051150905464,0.2846948849094536,0
435,6881,0.8448966396753637,0.15510336032463637,0
436,1852,0.9250911918168168,0.07490880818318328,0
437,531,0.9587823945928914,0.041217605407108615,0
438,5432,0.3231349711620263,0.6768650288379737,1
439,3766,0.8353450828358561,0.16465491716414393,0
440,2728,0.8599795200039689,0.14002047999603107,0
441,3375,0.8518142731112501,0.14818572688874984,0
442,3604,0.7634341465186514,0.23656585348134862,0
443,863,0.8825973556216272,0.11740264437837274,0
444,6734,0.8435562537749092,0.1564437462250908,0
445,1637,0.6416511712597648,0.3583488287402352,0
446,2648,0.9608522078037444,0.03914779219625561,0
447,351,0.9885228830533911,0.011477116946608858,0
448,6638,0.8274759675824869,0.17252403241751313,0
449,1654,0.5040700294302076,0.4959299705697924,0
450,6484,0.9632372129216776,0.03676278707832232,0
451,3089,0.652372829926199,0.3476271700738009,0
452,4444,0.6149973278115368,0.3850026721884631,0
453,6014,0.9929498175090101,0.007050182490989824,0
454,4785,0.4362941929803068,0.5637058070196932,1
455,3496,0.8874036714883391,0.11259632851166093,0
456,4552,0.8215879455565889,0.17841205444341113,0
457,1587,0.2687799893570506,0.7312200106429494,1
458,6279,0.968973342504162,0.03102665749583805,0
459,425,0.9828041221025224,0.017195877897477528,0
460,2345,0.9194117906694919,0.0805882093305082,0
461,988,0.9732696634162562,0.026730336583743766,0
462,3154,0.8688485595834556,0.1311514404165443,0
463,2521,0.9267513465658831,0.07324865343411692,0
464,2031,0.9476713884506685,0.05232861154933152,0
465,2017,0.651775379748269,0.348224620251731,0
466,308,0.9778684571308577,0.022131542869142297,0
467,4212,0.21591152903603184,0.7840884709639682,1
468,2424,0.9057911132938801,0.09420888670611988,0
469,6011,0.9943275969437294,0.0056724030562706135,0
470,5777,0.991324826035509,0.008675173964490971,0
471,2891,0.9407597069111291,0.05924029308887093,0
472,5144,0.6751043932402763,0.3248956067597237,0
473,5801,0.989463318474016,0.010536681525984018,0
474,4066,0.7665666263342479,0.2334333736657521,0
475,6329,0.9877363033647493,0.012263696635250787,0
476,657,0.9204004412205148,0.07959955877948524,0
477,276,0.9740011038303272,0.025998896169672752,0
478,6126,0.96005999287864,0.03994000712135999,0
479,2685,0.9392944422048144,0.0607055577951856,0
480,1368,0.6023237379054689,0.3976762620945311,0
481,2442,0.6933804574091491,0.30661954259085084,0
482,4437,0.8484949900457518,0.15150500995424818,0
483,5660,0.9764546277796355,0.023545372220364416,0
484,4748,0.3428621433406891,0.6571378566593109,1
485,2348,0.7512380167288533,0.2487619832711468,0
486,6064,0.9873003464565118,0.012699653543488211,0
487,4522,0.3613513986872724,0.6386486013127276,1
488,3132,0.8322245632243666,0.1677754367756335,0
489,3158,0.7819323835342596,0.21806761646574038,0
490,3600,0.44690812614150344,0.5530918738584966,1
491,3334,0.8986344301428004,0.10136556985719955,0
492,4524,0.5173152302736435,0.4826847697263565,0
493,2745,0.8985566954718717,0.10144330452812836,0
494,4711,0.42366124326396293,0.5763387567360371,1
495,5788,0.9929727294526439,0.007027270547356047,0
496,4227,0.702782462389353,0.29721753761064695,0
497,1664,0.8067946518751737,0.1932053481248263,0
498,4100,0.861756643644876,0.13824335635512391,0
499,95,0.9757183477309481,0.0242816522690519,0
500,6212,0.9781857583697617,0.021814241630238245,0
501,6277,0.9527215609935841,0.04727843900641598,0
502,6375,0.9934565646587485,0.006543435341251461,0
503,3,0.9054216208715008,0.09457837912849916,0
504,4623,0.7128021084880248,0.28719789151197517,0
505,3843,0.20441676732794112,0.7955832326720589,1
506,4724,0.4512916396193384,0.5487083603806616,1
507,2477,0.9169198297434685,0.08308017025653151,0
508,3179,0.8888073146395954,0.11119268536040464,0
509,598,0.9878877536331063,0.012112246366893623,0
510,1453,0.5614912809896149,0.4385087190103851,0
511,2878,0.73054636361471,0.2694536363852899,0
512,865,0.9488971818600216,0.0511028181399784,0
513,6229,0.9734053063917043,0.02659469360829575,0
514,2342,0.6325269336546417,0.36747306634535826,0
515,478,0.9785927468163761,0.021407253183623923,0
516,237,0.9735986011746416,0.026401398825358444,0
517,5275,0.6227937888468968,0.37720621115310315,0
518,5112,0.24152005706179147,0.7584799429382085,1
519,5903,0.9844056275294779,0.015594372470522058,0
520,3068,0.7702025846855743,0.22979741531442563,0
521,5634,0.9475121309211868,0.052487869078813205,0
522,1258,0.3218817411904702,0.6781182588095298,1
523,1380,0.613476295280291,0.3865237047197089,0
524,1372,0.7102440512601846,0.28975594873981536,0
525,3967,0.5660727251226587,0.4339272748773413,0
526,3952,0.5464978614132185,0.4535021385867815,0
527,6961,0.8054749316353564,0.19452506836464362,0
528,3896,0.5545932958066417,0.4454067041933583,0
529,2916,0.9316055443647973,0.06839445563520269,0
530,5682,0.9924786117927632,0.007521388207236831,0
531,2523,0.8532101873293434,0.14678981267065658,0
532,5701,0.9634607004557904,0.03653929954420967,0
533,4520,0.8484623748045771,0.15153762519542288,0
534,1607,0.5406924830998383,0.45930751690016164,0
535,4459,0.22438126616079512,0.7756187338392049,1
536,4998,0.7896294447882849,0.2103705552117151,0
537,6024,0.9634197250293177,0.03658027497068228,0
538,2287,0.2367686155515043,0.7632313844484957,1
539,959,0.9573399477609683,0.042660052239031694,0
540,6633,0.9105005783553007,0.08949942164469928,0
541,3502,0.3461247176921256,0.6538752823078744,1
542,6837,0.8614963898792072,0.13850361012079287,0
543,1797,0.34736698511769337,0.6526330148823066,1
544,4540,0.2622712276679491,0.7377287723320509,1
545,3465,0.5148830548661624,0.48511694513383763,0
546,3610,0.6083382423699316,0.3916617576300684,0
547,4184,0.3423521632527664,0.6576478367472336,1
548,6475,0.970010156902588,0.029989843097412018,0
549,4592,0.6839502833577958,0.31604971664220416,0
550,6210,0.9923336756912118,0.0076663243087881725,0
551,2914,0.8709566754359086,0.12904332456409137,0
552,5455,0.3739694494570569,0.6260305505429431,1
553,6869,0.8561602908399526,0.14383970916004746,0
554,4926,0.7301679596191152,0.2698320403808848,0
555,3951,0.33929437555514075,0.6607056244448593,1
556,303,0.9768499201937995,0.023150079806200548,0
557,3364,0.8667293908573708,0.13327060914262917,0
558,6798,0.8681071445380164,0.13189285546198362,0
559,3969,0.6342171007198081,0.3657828992801919,0
560,17,0.9552304080196841,0.04476959198031593,0
561,6544,0.9288881384023681,0.07111186159763194,0
562,195,0.9204099635112284,0.07959003648877162,0
563,4610,0.5087617182113544,0.49123828178864565,0
564,2013,0.6292634933459791,0.3707365066540209,0
565,6144,0.9943266253025768,0.005673374697423189,0
566,5464,0.2616897821616031,0.7383102178383969,1
567,5189,0.18657150784726806,0.8134284921527319,1
568,6136,0.9290130733136045,0.07098692668639554,0
569,4055,0.22743287800271816,0.7725671219972818,1
570,3540,0.5130111020542718,0.48698889794572814,0
571,1913,0.8423054343614967,0.15769456563850323,0
572,3485,0.42981496574099487,0.5701850342590051,1
573,6833,0.8449357740435695,0.1550642259564306,0
574,2870,0.8799901286623757,0.12000987133762434,0
575,5744,0.95890325922073,0.04109674077926992,0
576,4237,0.3874993072819337,0.6125006927180663,1
577,4828,0.7831077196358702,0.21689228036412983,0
578,6823,0.9533397354924927,0.046660264507507224,0
579,6636,0.929460292178465,0.07053970782153492,0
580,3996,0.30574122200552956,0.6942587779944704,1
581,5937,0.9869044463123512,0.013095553687648812,0
582,4428,0.358795952377694,0.641204047622306,1
583,2988,0.6463341334562435,0.35366586654375654,0
584,1198,0.6422756325990064,0.3577243674009936,0
585,3186,0.8836976655293551,0.11630233447064486,0
586,4546,0.6570315976498913,0.3429684023501087,0
587,662,0.9483345354878829,0.051665464512117044,0
588,5909,0.9853251940404304,0.014674805959569612,0
589,5032,0.6687890654107458,0.3312109345892542,0
590,6913,0.8319677837331052,0.16803221626689485,0
591,2027,0.8687863991722438,0.1312136008277562,0
592,4526,0.34490055696839605,0.655099443031604,1
593,378,0.9916897366303157,0.00831026336968432,0
594,5729,0.9928380475447587,0.007161952455241262,0
595,6511,0.9604505979544387,0.03954940204556132,0
596,3689,0.7552904445056277,0.2447095554943724,0
597,3394,0.3685256365779024,0.6314743634220976,1
598,775,0.9908019121163164,0.009198087883683547,0
599,5267,0.2506855240663901,0.7493144759336099,1
600,4402,0.296313562510481,0.703686437489519,1
601,3728,0.33387790885199364,0.6661220911480064,1
602,3443,0.3334979175178504,0.6665020824821496,1
603,987,0.9570470897104955,0.0429529102895046,0
604,2073,0.7850451071863369,0.2149548928136631,0
605,4334,0.4589594124569344,0.5410405875430656,1
606,5992,0.990301551423412,0.009698448576587998,0
607,454,0.9632537315627947,0.036746268437205264,0
608,4677,0.39228863544074055,0.6077113645592594,1
609,5952,0.9939953682049226,0.006004631795077372,0
610,5306,0.4217727914000763,0.5782272085999237,1
611,3362,0.9049036656890392,0.0950963343109607,0
612,5999,0.9422353373354263,0.057764662664573675,0
613,4909,0.5662488423788503,0.43375115762114974,0
614,6543,0.8793125225945743,0.12068747740542571,0
615,3743,0.42770443739329866,0.5722955626067013,1
616,27,0.9744873025760147,0.025512697423985334,0
617,4967,0.2875272020536983,0.7124727979463017,1
618,4136,0.2322093849286765,0.7677906150713235,1
619,3654,0.3878353323691953,0.6121646676308047,1
620,3905,0.2337638299678657,0.7662361700321343,1
621,2422,0.9520346088636678,0.04796539113633226,0
622,3677,0.46787046145541433,0.5321295385445857,1
623,382,0.9509775871863815,0.04902241281361848,0
624,6182,0.9485986859172417,0.05140131408275827,0
625,4763,0.37808745457656046,0.6219125454234395,1
626,2994,0.9459112409740852,0.05408875902591478,0
627,1174,0.8936986384078016,0.10630136159219843,0
628,6066,0.9935326079175788,0.006467392082421228,0
629,4708,0.2055431996101561,0.7944568003898439,1
630,3005,0.9123334935902555,0.08766650640974454,0
631,574,0.9542839559842724,0.04571604401572754,0
632,6621,0.8269226431524769,0.17307735684752315,0
633,4018,0.5864032937988033,0.4135967062011967,0
634,5763,0.9565820428503704,0.043417957149629594,0
635,2792,0.8211830994019949,0.1788169005980052,0
636,3574,0.32491337244954877,0.6750866275504512,1
637,238,0.7381286516653822,0.2618713483346178,0
638,755,0.9653862972024562,0.034613702797543784,0
639,2155,0.4505515765497424,0.5494484234502576,1
640,84,0.9749092724650038,0.02509072753499615,0
641,2328,0.8780497549491715,0.12195024505082852,0
642,3438,0.27317247049052107,0.7268275295094789,1
643,6830,0.8504135920747993,0.14958640792520073,0
644,2361,0.6423183061487537,0.35768169385124626,0
645,1123,0.9731732817055825,0.026826718294417465,0
646,3492,0.6183169364916494,0.3816830635083506,0
647,2183,0.26745668813269075,0.7325433118673093,1
648,2261,0.37842200557986627,0.6215779944201337,1
649,1327,0.6859650159682957,0.3140349840317042,0
650,911,0.9678659459580887,0.032134054041911296,0
651,3473,0.4589728201238271,0.5410271798761729,1
652,2088,0.24890951904109337,0.7510904809589066,1
653,419,0.9635464356807841,0.03645356431921587,0
654,2675,0.9238973546592287,0.07610264534077125,0
655,5107,0.44655921293299083,0.5534407870670092,1
656,4335,0.14973561722511464,0.8502643827748854,1
657,455,0.9813465863754328,0.018653413624567152,0
658,6899,0.9123267067247095,0.08767329327529054,0
659,1790,0.6173725593734216,0.38262744062657833,0
660,2961,0.8790871419702698,0.12091285802973019,0
661,2585,0.9386405083593431,0.06135949164065694,0
662,4896,0.3331444128733271,0.6668555871266729,1
663,6815,0.9138884952602095,0.08611150473979044,0
664,1816,0.9180958357967189,0.0819041642032811,0
665,5294,0.46376089248213204,0.536239107517868,1
666,4455,0.7589851931664886,0.2410148068335114,0
667,113,0.9553817192879703,0.04461828071202969,0
668,638,0.9317159700214508,0.06828402997854917,0
669,795,0.9937342317666572,0.0062657682333428265,0
670,2432,0.9299038881385053,0.07009611186149466,0
671,2902,0.8564438992924862,0.1435561007075138,0
672,5505,0.7905063711251633,0.2094936288748367,0
673,3940,0.2610058994795824,0.7389941005204176,1
674,6758,0.8505296021374124,0.14947039786258767,0
675,644,0.9387696323568319,0.061230367643168124,0
676,6806,0.7657643978505319,0.23423560214946812,0
677,3228,0.7530829941637802,0.2469170058362198,0
678,5140,0.32937735782144095,0.670622642178559,1
679,6641,0.9179289950488927,0.08207100495110728,0
680,1811,0.51226866299909,0.48773133700091,0
681,917,0.9690019066967774,0.030998093303222538,0
682,1962,0.8623421876938178,0.1376578123061822,0
683,3135,0.8814551595335698,0.1185448404664302,0
684,4976,0.24765173543562646,0.7523482645643735,1
685,5810,0.9830861231921688,0.016913876807831185,0
686,2458,0.9290184937449882,0.07098150625501175,0
687,2989,0.7337950143956922,0.26620498560430783,0
688,3144,0.8681421289342232,0.13185787106577684,0
689,3108,0.9641759713579863,0.035824028642013686,0
690,4326,0.34956502917189736,0.6504349708281026,1
691,1348,0.7194788345353882,0.28052116546461187,0
692,2024,0.5724564880081129,0.4275435119918871,0
693,762,0.9869007329039473,0.013099267096052705,0
694,4741,0.7281394311664711,0.2718605688335289,0
695,6499,0.9823639942677426,0.01763600573225741,0
696,5644,0.993351057465623,0.006648942534377007,0
697,712,0.8523894701678857,0.1476105298321143,0
698,4359,0.27540589129529336,0.7245941087047066,1
699,2607,0.9276233450561928,0.07237665494380721,0
700,2216,0.9200858588838603,0.07991414111613974,0
701,609,0.9780577528345623,0.02194224716543764,0
702,6761,0.7350175998799223,0.2649824001200777,0
703,6242,0.9935756359897823,0.006424364010217745,0
704,4897,0.5312685025326891,0.46873149746731085,0
705,5690,0.9928074389010071,0.007192561098992927,0
706,1870,0.5227642696311516,0.47723573036884837,0
707,6752,0.833156339613009,0.16684366038699103,0
708,4478,0.3397455969875346,0.6602544030124654,1
709,1388,0.7891757531284523,0.2108242468715477,0
710,289,0.9191874305214947,0.08081256947850529,0
711,3623,0.4263689700627856,0.5736310299372144,1
712,824,0.9880629008840388,0.011937099115961152,0
713,6193,0.9294038214309488,0.07059617856905123,0
714,4453,0.5748893887126303,0.42511061128736977,0
715,39,0.9897949441174574,0.010205055882542651,0
716,5010,0.29830970377499477,0.7016902962250052,1
717,5578,0.9832441254491551,0.01675587455084496,0
718,90,0.9491207741644575,0.05087922583554252,0
719,4735,0.6729499932802602,0.3270500067197398,0
720,101,0.9745487119591144,0.02545128804088563,0
721,2795,0.8945285718239651,0.10547142817603489,0
722,2643,0.7985469254196518,0.20145307458034817,0
723,14,0.9702594738670756,0.029740526132924435,0
724,2408,0.8510145425276119,0.14898545747238812,0
725,1569,0.8541875768590806,0.14581242314091938,0
726,2785,0.9119058830365029,0.08809411696349713,0
727,5229,0.40728775091996916,0.5927122490800308,1
728,1150,0.9869653338997602,0.013034666100239803,0
729,6149,0.9593350647321492,0.04066493526785075,0
730,332,0.9532821985914378,0.046717801408562194,0
731,2885,0.9555879162224803,0.04441208377751971,0
732,246,0.9565078394193062,0.04349216058069385,0
733,1128,0.9514382368821348,0.04856176311786515,0
734,4029,0.5092073186653692,0.4907926813346309,0
735,1779,0.8440776338305234,0.1559223661694766,0
736,4431,0.5903558404187552,0.4096441595812447,0
737,2416,0.4301149440176032,0.5698850559823968,1
738,3658,0.32156761741880047,0.6784323825811995,1
739,960,0.9511206158303587,0.048879384169641334,0
740,5865,0.9914512221412144,0.008548777858785571,0
741,1294,0.6482154671355282,0.3517845328644718,0
742,6363,0.9188733268797303,0.08112667312026967,0
743,1505,0.680722253051113,0.31927774694888694,0
744,1639,0.8165952816539054,0.18340471834609462,0
745,1301,0.8664289980951214,0.13357100190487864,0
746,3559,0.9130747015502869,0.08692529844971304,0
747,6355,0.979259697520848,0.020740302479151988,0
748,3806,0.3515067957949325,0.6484932042050675,1
749,4858,0.6463025556930817,0.3536974443069183,0
750,1526,0.7741400472332844,0.2258599527667156,0
751,1068,0.9498723339104829,0.05012766608951712,0
752,2441,0.8443328476208188,0.1556671523791812,0
753,3532,0.399938361797166,0.600061638202834,1
754,5796,0.9688731519607102,0.031126848039289765,0
755,6970,0.8338519918957047,0.1661480081042953,0
756,4951,0.23516225715961703,0.764837742840383,1
757,5057,0.4361967981789091,0.5638032018210909,1
758,589,0.9736837918972061,0.026316208102793923,0
759,6179,0.9357248312570521,0.06427516874294796,0
760,636,0.9631129609303161,0.03688703906968398,0
761,1617,0.6656308440492655,0.33436915595073446,0
762,5654,0.9337565662748868,0.06624343372511321,0
763,4281,0.22305638269807526,0.7769436173019247,1
764,3231,0.7589599761026994,0.24104002389730064,0
765,5152,0.6798657273967076,0.3201342726032924,0
766,4823,0.3051630571057068,0.6948369428942932,1
767,2710,0.9251121279548126,0.0748878720451874,0
768,1885,0.617864982823703,0.38213501717629705,0
769,4463,0.27133346985065765,0.7286665301493424,1
770,3185,0.9084477150530148,0.09155228494698515,0
771,4665,0.5920356508744699,0.40796434912553015,0
772,4363,0.4669229205465243,0.5330770794534757,1
773,2872,0.6841345387022479,0.31586546129775206,0
774,6347,0.9688853656590454,0.031114634340954576,0
775,2760,0.9654410583865174,0.034558941613482656,0
776,4835,0.44440477512609333,0.5555952248739067,1
777,2855,0.8410288600330947,0.15897113996690526,0
778,1441,0.5719722260052695,0.4280277739947305,0
779,853,0.7169566403581907,0.28304335964180927,0
780,4667,0.31183172245144253,0.6881682775485575,1
781,5806,0.9887573811509813,0.011242618849018667,0
782,4999,0.2591950459412039,0.7408049540587961,1
783,5166,0.3644237002434333,0.6355762997565667,1
784,555,0.9903916311543304,0.009608368845669617,0
785,5011,0.39928956157145457,0.6007104384285454,1
786,1856,0.7235474174680028,0.2764525825319973,0
787,6462,0.9615673972663643,0.03843260273363571,0
788,6546,0.8978135304572619,0.10218646954273818,0
789,1175,0.9636213710319524,0.03637862896804756,0
790,5377,0.33252350975538225,0.6674764902446177,1
791,3569,0.7113243240332772,0.2886756759667228,0
792,4919,0.3839487019943021,0.6160512980056979,1
793,6988,0.8565641960774875,0.1434358039225125,0
794,6652,0.8722366329951796,0.1277633670048204,0
795,5365,0.7385195756684921,0.2614804243315078,0
796,6488,0.9948790801185656,0.005120919881434376,0
797,2282,0.9069730092230306,0.09302699077696937,0
798,3861,0.6206721993824202,0.3793278006175797,0
799,2372,0.8446343422665735,0.15536565773342648,0
800,6928,0.8602991017815269,0.13970089821847312,0
801,6421,0.9493129754575997,0.05068702454240022,0
802,3123,0.8431489837419421,0.15685101625805792,0
803,3616,0.8609489760243024,0.13905102397569755,0
804,330,0.9480800252471897,0.05191997475281032,0
805,299,0.9706977217068146,0.029302278293185387,0
806,1521,0.5339635500354469,0.466036449964553,0
807,2959,0.7177848700500682,0.28221512994993186,0
808,6724,0.8325958368310887,0.16740416316891127,0
809,6131,0.9864276622529932,0.013572337747006863,0
810,1591,0.7582294714131124,0.2417705285868876,0
811,2405,0.45609053894295004,0.54390946105705,1
812,748,0.8845539618239764,0.11544603817602361,0
813,4320,0.600647691459326,0.3993523085406741,0
814,1387,0.822593612273403,0.17740638772659706,0
815,6792,0.8908480039759225,0.10915199602407759,0
816,5707,0.9897518609759931,0.010248139024006927,0
817,697,0.7902774314557491,0.2097225685442509,0
818,2784,0.9138926286255058,0.08610737137449426,0
819,6966,0.9135664587782831,0.08643354122171683,0
820,3491,0.700057460388018,0.29994253961198203,0
821,1523,0.5253504327308762,0.4746495672691237,0
822,5117,0.6150222936041333,0.3849777063958667,0
823,923,0.9770005186235731,0.02299948137642688,0
824,6811,0.9239173910676167,0.07608260893238329,0
825,2654,0.9582835987462868,0.04171640125371327,0
826,2556,0.9148154545278133,0.08518454547218669,0
827,4851,0.32350546058179286,0.6764945394182071,1
828,6892,0.7124162342817479,0.2875837657182521,0
829,1849,0.6949555496712152,0.30504445032878474,0
830,3017,0.9186318012156521,0.08136819878434783,0
831,5873,0.9863440155928707,0.013655984407129338,0
832,3507,0.4309446422254938,0.5690553577745062,1
833,1493,0.8603854516473922,0.13961454835260775,0
834,3717,0.793064838592472,0.20693516140752802,0
835,6326,0.9767071185947348,0.023292881405265226,0
836,3182,0.8834967343393108,0.11650326566068929,0
837,3980,0.5613587880220887,0.4386412119779112,0
838,2360,0.705800784378259,0.29419921562174095,0
839,6473,0.967783087781042,0.032216912218958,0
840,3812,0.4972680227558457,0.5027319772441543,1
841,6764,0.8046455156047287,0.19535448439527128,0
842,3206,0.9287255821930656,0.07127441780693444,0
843,1598,0.6568762802329293,0.34312371976707073,0
844,2896,0.8286299930614727,0.17137000693852736,0
845,5603,0.9926914107977365,0.00730858920226347,0
846,6502,0.9613460904148914,0.0386539095851086,0
847,2549,0.9565718507498192,0.04342814925018076,0
848,4868,0.6333950513338649,0.3666049486661352,0
849,6655,0.8764473311073362,0.1235526688926638,0
850,798,0.9831794967915641,0.016820503208435908,0
851,6063,0.9548185041552847,0.04518149584471529,0
852,4312,0.38434718705588666,0.6156528129441133,1
853,7019,0.8282707613954867,0.17172923860451322,0
854,5969,0.9935398976531413,0.006460102346858666,0
855,295,0.9819068827930225,0.018093117206977507,0
856,4056,0.33806495197120545,0.6619350480287945,1
857,2202,0.9544341527826985,0.04556584721730155,0
858,1784,0.4540051914857729,0.5459948085142271,1
859,374,0.9784633023807823,0.021536697619217744,0
860,3903,0.3551201440012076,0.6448798559987924,1
861,4576,0.19572533806411851,0.8042746619358815,1
862,3026,0.9014594444107968,0.09854055558920315,0
863,52,0.9773740259611915,0.022625974038808495,0
864,2655,0.7968593211239247,0.20314067887607537,0
865,474,0.9614889318676139,0.03851106813238614,0
866,3950,0.2762566273921915,0.7237433726078085,1
867,4687,0.33793100456519176,0.6620689954348082,1
868,5460,0.72432319481578,0.27567680518422,0
869,5468,0.487999176971078,0.512000823028922,1
870,4023,0.3476517066640462,0.6523482933359538,1
871,6152,0.9912490224273123,0.008750977572687746,0
872,1911,0.8388458806145902,0.16115411938540974,0
873,5028,0.5018219103520755,0.49817808964792454,0
874,4538,0.5325686702271966,0.4674313297728034,0
875,4176,0.44407060906810125,0.5559293909318987,1
876,4929,0.6240188139774119,0.3759811860225882,0
877,3340,0.8727409916718207,0.12725900832817927,0
878,984,0.908748855539133,0.09125114446086705,0
879,1537,0.48215511580669146,0.5178448841933085,1
880,1102,0.9670930240817808,0.03290697591821921,0
881,5832,0.9620853102121757,0.03791468978782429,0
882,3721,0.4340455135092133,0.5659544864907867,1
883,1323,0.8842960212971419,0.11570397870285808,0
884,1354,0.8164061875214941,0.18359381247850598,0
885,3784,0.5132852033379395,0.4867147966620605,0
886,5483,0.4425753370161303,0.5574246629838697,1
887,6627,0.9458122396018936,0.05418776039810631,0
888,3550,0.5869386124231257,0.4130613875768743,0
889,6092,0.9845244354944469,0.015475564505553136,0
890,495,0.9701974074345415,0.02980259256545848,0
891,4937,0.23050592906569434,0.7694940709343057,1
892,2138,0.6715412672433394,0.32845873275666054,0
893,5268,0.27032187384227335,0.7296781261577266,1
894,1739,0.7630672458220054,0.2369327541779946,0
895,5966,0.9844763309670462,0.015523669032953763,0
896,4324,0.7053355024156642,0.2946644975843357,0
897,542,0.9600825834499399,0.03991741655006011,0
898,5721,0.9903539329311308,0.009646067068869191,0
899,1292,0.8723277493541357,0.1276722506458643,0
900,5736,0.9383325987376769,0.06166740126232312,0
901,4795,0.7228562490920823,0.27714375090791765,0
902,6309,0.9335848504754919,0.06641514952450815,0
903,1586,0.2889065226665455,0.7110934773334545,1
904,3683,0.5831246732344244,0.41687532676557554,0
905,5558,0.9943552181567603,0.005644781843239673,0
906,1510,0.5498571438038219,0.4501428561961781,0
907,843,0.9396647321187739,0.060335267881226166,0
908,2456,0.8987435613005911,0.10125643869940894,0
909,428,0.9634220612597149,0.03657793874028516,0
910,5704,0.9957663716335197,0.004233628366480294,0
911,871,0.9487211273462861,0.05127887265371393,0
912,1771,0.7597408772659813,0.24025912273401873,0
913,6003,0.99335159877406,0.006648401225939982,0
914,4679,0.3456352626962881,0.6543647373037119,1
915,1655,0.6908068041664956,0.3091931958335043,0
916,5393,0.23954745237774278,0.7604525476222572,1
917,2507,0.8042326228588701,0.19576737714112993,0
918,5114,0.4534773509748107,0.5465226490251893,1
919,2245,0.9234811080332674,0.07651889196673253,0
920,1633,0.291543092943669,0.708456907056331,1
921,6934,0.7216903541446091,0.27830964585539086,0
922,5396,0.39754439460366797,0.602455605396332,1
923,2538,0.933978075291353,0.06602192470864703,0
924,2475,0.822240538877925,0.1777594611220749,0
925,2497,0.9518473398945508,0.04815266010544919,0
926,2862,0.8892193207281152,0.11078067927188487,0
927,4507,0.5566477891369974,0.4433522108630025,0
928,641,0.9710343023104514,0.02896569768954856,0
929,3398,0.5242436450986037,0.47575635490139634,0
930,679,0.9658850494774668,0.03411495052253325,0
931,3045,0.7624456245465283,0.23755437545347163,0
932,115,0.9783933643278176,0.02160663567218232,0
933,2164,0.9553434210712344,0.04465657892876565,0
934,5343,0.3149777347161795,0.6850222652838205,1
935,3008,0.7537666397571487,0.2462333602428513,0
936,3437,0.34533745571857244,0.6546625442814276,1
937,5326,0.19102365480178618,0.8089763451982138,1
938,3936,0.18478020992289823,0.8152197900771018,1
939,2781,0.9212336726506618,0.07876632734933821,0
940,6417,0.9592568929694715,0.040743107030528476,0
941,3727,0.3083957919277718,0.6916042080722282,1
942,6827,0.8711729764806444,0.12882702351935554,0
943,3103,0.911697581299644,0.08830241870035603,0
944,4762,0.4912423485292009,0.5087576514707991,1
945,5602,0.9945674458767895,0.005432554123210493,0
946,1966,0.37448070253597787,0.6255192974640221,1
947,3711,0.27309799675527224,0.7269020032447278,1
948,3141,0.8874501927322744,0.11254980726772552,0
949,4886,0.4155967405134696,0.5844032594865304,1
950,6195,0.9614468721476122,0.038553127852387854,0
951,5737,0.9900535200764028,0.009946479923597209,0
952,6465,0.9294370963637937,0.07056290363620628,0
953,797,0.6557727474927375,0.34422725250726244,0
954,4875,0.37063812691262943,0.6293618730873706,1
955,2099,0.6456580469916653,0.3543419530083347,0
956,83,0.9374229626743807,0.06257703732561923,0
957,301,0.9827194956256456,0.017280504374354362,0
958,6736,0.827437196163264,0.172562803836736,0
959,1706,0.6016936856806463,0.39830631431935365,0
960,551,0.9681240013544112,0.031875998645588786,0
961,3514,0.44491446883719954,0.5550855311628005,1
962,3389,0.3338337397350356,0.6661662602649644,1
963,5403,0.5317890247315438,0.4682109752684563,0
964,2174,0.7477054198333919,0.2522945801666081,0
965,1239,0.8184679226984456,0.1815320773015544,0
966,2384,0.42766557081717893,0.5723344291828211,1
967,2121,0.33228010041048983,0.6677198995895102,1
968,5423,0.23367445349813376,0.7663255465018662,1
969,722,0.9134760715267234,0.08652392847327663,0
970,3174,0.6492388971392655,0.35076110286073453,0
971,6728,0.8275656450866278,0.17243435491337217,0
972,2712,0.9032267600345909,0.09677323996540915,0
973,4814,0.4203924051182183,0.5796075948817817,1
974,6114,0.9948848633549405,0.005115136645059489,0
975,2889,0.8173591837813055,0.18264081621869457,0
976,2767,0.8060300206488901,0.19396997935110996,0
977,6810,0.8464633410610807,0.15353665893891938,0
978,5970,0.9898953765192917,0.010104623480708246,0
979,791,0.9850157546951723,0.014984245304827703,0
980,2262,0.6301723124175698,0.3698276875824302,0
981,282,0.9861107207195281,0.013889279280471857,0
982,1181,0.949561620859591,0.050438379140409065,0
983,3360,0.8208385506615522,0.1791614493384478,0
984,388,0.9873012007791385,0.012698799220861477,0
985,2414,0.7314408598414279,0.268559140158572,0
986,1019,0.9044611115137984,0.09553888848620166,0
987,4399,0.18944484598096456,0.8105551540190354,1
988,2118,0.43783828141694503,0.562161718583055,1
989,4628,0.5805049624955665,0.41949503750443345,0
990,1281,0.5702398362236523,0.42976016377634774,0
991,1980,0.7007825658037643,0.2992174341962357,0
992,4917,0.5540987652296097,0.44590123477039034,0
993,2280,0.7575460062749254,0.2424539937250746,0
994,3073,0.7856020355839561,0.21439796441604383,0
995,2379,0.8148372048704768,0.1851627951295231,0
996,2677,0.9640755820037128,0.03592441799628719,0
997,827,0.9840604543164791,0.015939545683520823,0
998,6534,0.9027054435299688,0.09729455647003112,0
999,5710,0.9939502972805658,0.006049702719434143,0
1000,3920,0.6257548393294745,0.37424516067052555,0
1001,2729,0.8706219634475175,0.12937803655248245,0
1002,1188,0.9119162060614598,0.0880837939385401,0
1003,851,0.8504602774651406,0.14953972253485934,0
1004,787,0.9256872197468375,0.07431278025316247,0
1005,5047,0.6467822780155467,0.35321772198445334,0
1006,6317,0.9468960534513641,0.05310394654863594,0
1007,6635,0.8452632878944892,0.1547367121055107,0
1008,703,0.9819144094318621,0.018085590568137848,0
1009,621,0.9609688010324658,0.03903119896753418,0
1010,4088,0.3083957919277718,0.6916042080722282,1
1011,183,0.9658331484341187,0.03416685156588131,0
1012,2652,0.9661297053928308,0.03387029460716913,0
1013,1509,0.6258913721951255,0.3741086278048745,0
1014,2461,0.8675811405355937,0.13241885946440635,0
1015,6299,0.9948532837684949,0.005146716231505054,0
1016,2089,0.3565678514580688,0.6434321485419312,1
1017,1904,0.41093488331743766,0.5890651166825623,1
1018,5281,0.3462083169284823,0.6537916830715177,1
1019,23,0.9802703621968679,0.019729637803132125,0
1020,977,0.9747698679735778,0.02523013202642221,0
1021,6249,0.952028689009304,0.04797131099069591,0
1022,3145,0.7650406594608907,0.23495934053910933,0
1023,5184,0.7079733150735206,0.29202668492647943,0
1024,1462,0.6933994186003765,0.30660058139962354,0
1025,3062,0.8331587116916707,0.16684128830832934,0
1026,4637,0.3636777359053637,0.6363222640946363,1
1027,3749,0.26092663946048256,0.7390733605395174,1
1028,2854,0.7658691003304314,0.23413089966956857,0
1029,3598,0.3573179808532435,0.6426820191467565,1
1030,61,0.9658255833871641,0.03417441661283592,0
1031,5311,0.8204137072172258,0.1795862927827742,0
1032,1307,0.8884917440819478,0.11150825591805227,0
1033,5598,0.9887533552716686,0.011246644728331315,0
1034,1896,0.9188711020531624,0.0811288979468376,0
1035,6115,0.9903889188021399,0.009611081197860138,0
1036,4702,0.571871171836902,0.42812882816309805,0
1037,6924,0.8271157425610021,0.172884257438998,0
1038,1220,0.7284626119480517,0.27153738805194827,0
1039,4656,0.619099651723335,0.38090034827666497,0
1040,4172,0.24562062922381522,0.7543793707761848,1
1041,6744,0.8978917174969365,0.10210828250306345,0
1042,3350,0.7719607725226723,0.22803922747732777,0
1043,6247,0.9716049481149277,0.02839505188507233,0
1044,522,0.9794207777604815,0.020579222239518503,0
1045,989,0.9865613626005871,0.01343863739941287,0
1046,6711,0.866062372810155,0.133937627189845,0
1047,2090,0.7003193624202652,0.29968063757973484,0
1048,4751,0.21197242618753576,0.7880275738124642,1
1049,1376,0.712175098994564,0.287824901005436,0
1050,653,0.8514196091419202,0.14858039085807978,0
1051,2188,0.8589177511651718,0.1410822488348282,0
1052,4898,0.7360428491773968,0.2639571508226032,0
1053,5479,0.36878499205095994,0.6312150079490401,1
1054,178,0.9777185951558578,0.02228140484414219,0
1055,4251,0.7175632213895804,0.28243677861041966,0
1056,5232,0.2311061216088941,0.7688938783911059,1
1057,4015,0.5908068668033449,0.40919313319665507,0
1058,4616,0.49905857298686873,0.5009414270131313,1
1059,6512,0.9739875834924138,0.026012416507586244,0
1060,4513,0.46093809239611805,0.539061907603882,1
1061,2067,0.6003582629440714,0.3996417370559286,0
1062,1007,0.9720091033581175,0.027990896641882458,0
1063,4556,0.2949291842614409,0.7050708157385591,1
1064,5773,0.9529629990635885,0.04703700093641146,0
1065,3168,0.7704714466056526,0.2295285533943474,0
1066,4944,0.655229026007812,0.344770973992188,0
1067,6225,0.9754882037066125,0.024511796293387487,0
1068,5270,0.6312928705091159,0.36870712949088413,0
1069,204,0.976408877456208,0.023591122543792004,0
1070,967,0.9700469609588399,0.02995303904116009,0
1071,2147,0.5187853138430416,0.48121468615695834,0
1072,3051,0.8439027101361563,0.1560972898638438,0
1073,1336,0.5637135493599122,0.43628645064008775,0
1074,3826,0.4055317155542799,0.5944682844457201,1
1075,3016,0.7632127932303764,0.2367872067696236,0
1076,2546,0.7822085015158319,0.2177914984841681,0
1077,733,0.9248860419607797,0.0751139580392203,0
1078,2476,0.9118753769447983,0.08812462305520172,0
1079,1990,0.8102775250283947,0.18972247497160535,0
1080,3747,0.4104565357808342,0.5895434642191658,1
1081,6405,0.9745839040760736,0.02541609592392637,0
1082,3513,0.5273561108256648,0.47264388917433514,0
1083,5703,0.9876453545025002,0.012354645497499756,0
1084,6081,0.9918860078261078,0.008113992173892155,0
1085,4002,0.5236205370451008,0.4763794629548992,0
1086,5859,0.9914213720266417,0.008578627973358281,0
1087,3349,0.9066183510624429,0.09338164893755709,0
1088,3535,0.7415494624003087,0.2584505375996913,0
1089,4629,0.48056440636409314,0.5194355936359069,1
1090,998,0.8919892413133358,0.10801075868666421,0
1091,1634,0.6830320011669754,0.3169679988330246,0
1092,5559,0.9919278488606438,0.00807215113935621,0
1093,469,0.9835623050126466,0.016437694987353403,0
1094,2184,0.6064716603216503,0.39352833967834966,0
1095,3396,0.7627009347850177,0.23729906521498237,0
1096,1145,0.8775951042327542,0.12240489576724581,0
1097,6586,0.8767894093190137,0.12321059068098623,0
1098,1996,0.8349045673388484,0.1650954326611516,0
1099,511,0.970845048479912,0.02915495152008791,0
1100,2041,0.5524863484681007,0.44751365153189926,0
1101,79,0.968238089295563,0.031761910704436964,0
1102,1978,0.4579778094307668,0.5420221905692332,1
1103,2019,0.5197203912090036,0.48027960879099635,0
1104,1486,0.3025777416047336,0.6974222583952664,1
1105,5273,0.30540771683534806,0.6945922831646519,1
1106,6284,0.9519062893892576,0.048093710610742364,0
1107,3868,0.4985285103063992,0.5014714896936008,1
1108,4705,0.2588721938566847,0.7411278061433153,1
1109,1369,0.8826836478917338,0.11731635210826616,0
1110,5830,0.984439394065713,0.015560605934286953,0
1111,1574,0.8797029521824914,0.12029704781750865,0
1112,6285,0.9924690587076012,0.0075309412923988866,0
1113,5313,0.19140280542225285,0.8085971945777471,1
1114,1662,0.6434195089313641,0.3565804910686358,0
1115,4624,0.5002634830057102,0.49973651699428984,0
1116,2730,0.8722575881388798,0.12774241186112026,0
1117,4342,0.8290241039374324,0.17097589606256763,0
1118,895,0.9779158239235789,0.02208417607642105,0
1119,3406,0.37629184039588914,0.6237081596041109,1
1120,6866,0.8385574259167174,0.1614425740832826,0
1121,523,0.954890857589442,0.04510914241055797,0
1122,2093,0.5657251260250182,0.4342748739749818,0
1123,6244,0.9413459160205668,0.05865408397943312,0
1124,280,0.9785554137989061,0.021444586201093963,0
1125,5018,0.25046980991366885,0.7495301900863311,1
1126,1206,0.5746389096114319,0.4253610903885681,0
1127,584,0.9775509523223567,0.022449047677643278,0
1128,5236,0.3743571265734795,0.6256428734265205,1
1129,5411,0.32817141452458753,0.6718285854754125,1
1130,4922,0.4796066747322456,0.5203933252677544,1
1131,2510,0.9284421950108142,0.07155780498918585,0
1132,4039,0.2857312322867207,0.7142687677132793,1
1133,3050,0.9214912065063464,0.07850879349365358,0
1134,1783,0.6136335803391522,0.3863664196608478,0
1135,1895,0.7283189115915429,0.2716810884084571,0
1136,7034,0.9558346412741251,0.04416535872587489,0
1137,6496,0.9524368682168004,0.04756313178319957,0
1138,3846,0.6366965021120659,0.3633034978879342,0
1139,3065,0.8808708155486891,0.11912918445131096,0
1140,2711,0.8121074151508093,0.18789258484919066,0
1141,4130,0.2616718875777675,0.7383281124222325,1
1142,3029,0.838697023658231,0.16130297634176904,0
1143,6710,0.8010352253200131,0.19896477467998683,0
1144,2483,0.7779082803317944,0.22209171966820565,0
1145,1756,0.6729060801585682,0.3270939198414318,0
1146,3122,0.9192593828740181,0.0807406171259819,0
1147,6438,0.946417192800255,0.05358280719974496,0
1148,4794,0.3107177685429462,0.6892822314570538,1
1149,2738,0.9596750607721787,0.040324939227821356,0
1150,5571,0.9481376567336165,0.05186234326638353,0
1151,2301,0.4985566519406226,0.5014433480593774,1
1152,6460,0.9894838637987481,0.010516136201251873,0
1153,6155,0.9757905078781823,0.02420949212181771,0
1154,6370,0.9172879287229996,0.08271207127700038,0
1155,6713,0.8266649120493487,0.17333508795065133,0
1156,6896,0.8418264081149498,0.15817359188505023,0
1157,2128,0.7198577672835311,0.2801422327164688,0
1158,4697,0.47481315640226507,0.5251868435977349,1
1159,2062,0.841734656299412,0.15826534370058795,0
1160,137,0.9870077874704957,0.012992212529504384,0
1161,5409,0.6984326740615129,0.3015673259384871,0
1162,6521,0.8856583294308,0.11434167056920001,0
1163,3839,0.7552398237222835,0.2447601762777165,0
1164,279,0.9411747649769214,0.05882523502307859,0
1165,4340,0.5872921822414952,0.41270781775850485,0
1166,800,0.9479639740100987,0.05203602598990131,0
1167,4109,0.3143251793222681,0.6856748206777319,1
1168,32,0.9687262847946881,0.031273715205311886,0
1169,1768,0.7383151929391465,0.26168480706085356,0
1170,400,0.7673221936566217,0.23267780634337829,0
1171,6561,0.7785663085082724,0.2214336914917277,0
1172,562,0.9827512664596105,0.01724873354038946,0
1173,3633,0.7900274397143981,0.20997256028560185,0
1174,4615,0.3187862810611046,0.6812137189388954,1
1175,2587,0.9166372681476204,0.08336273185237968,0
1176,4852,0.444923357133,0.555076642867,1
1177,6330,0.9469216494643075,0.0530783505356925,0
1178,3809,0.35751732168131756,0.6424826783186824,1
1179,4180,0.39399649125243297,0.606003508747567,1
1180,884,0.9596703548817821,0.040329645118217884,0
1181,1665,0.587307939046154,0.4126920609538461,0
1182,6036,0.9739810676143702,0.026018932385629818,0
1183,5910,0.9880556760947933,0.011944323905206729,0
1184,2932,0.915013140441908,0.08498685955809199,0
1185,927,0.9737618791558845,0.026238120844115514,0
1186,6943,0.8214685571836624,0.17853144281633757,0
1187,5408,0.4456718326182727,0.5543281673817273,1
1188,5747,0.9933194142736681,0.006680585726331879,0
1189,1227,0.6868723542310812,0.3131276457689188,0
1190,2676,0.9583429415365583,0.04165705846344168,0
1191,5706,0.9584870313547936,0.04151296864520639,0
1192,1588,0.48119097501684305,0.518809024983157,1
1193,3653,0.2983041249333658,0.7016958750666342,1
1194,1566,0.6914914949588589,0.3085085050411412,0
1195,4700,0.36380050187979074,0.6361994981202093,1
1196,3003,0.8778854132710158,0.1221145867289842,0
1197,825,0.812283428667403,0.187716571332597,0
1198,2489,0.8923048561334557,0.10769514386654436,0
1199,4644,0.4585885007377676,0.5414114992622324,1
1200,3018,0.9233072471924942,0.0766927528075058,0
1201,450,0.9775638832034946,0.02243611679650532,0
1202,5036,0.7227304992666108,0.2772695007333892,0
1203,2096,0.5726471252519463,0.42735287474805367,0
1204,4379,0.2458230389251873,0.7541769610748127,1
1205,2145,0.5406784646796341,0.45932153532036596,0
1206,504,0.8785550771040109,0.12144492289598911,0
1207,6228,0.9303899781864715,0.06961002181352853,0
1208,1729,0.6881244936731804,0.3118755063268196,0
1209,1490,0.5580593336122108,0.4419406663877892,0
1210,7014,0.8446285692778615,0.15537143072213855,0
1211,1679,0.8578587947163995,0.1421412052836005,0
1212,401,0.9644337045653343,0.03556629543466569,0
1213,1854,0.6979075335033504,0.30209246649664956,0
1214,16,0.9566730926533569,0.04332690734664314,0
1215,3187,0.781570599516327,0.218429400483673,0
1216,4793,0.41734975797754437,0.5826502420224556,1
1217,2754,0.49449878974825134,0.5055012102517487,1
1218,4427,0.6926205133356249,0.30737948666437503,0
1219,1508,0.5595542502601907,0.4404457497398093,0
1220,6938,0.7712156332022696,0.22878436679773037,0
1221,4504,0.42880748655399303,0.571192513446007,1
1222,2759,0.9046713430588539,0.09532865694114608,0
1223,3170,0.8752984568426172,0.12470154315738276,0
1224,7031,0.8148046001037355,0.18519539989626452,0
1225,6351,0.9369617517271538,0.06303824827284625,0
1226,2582,0.952840174343535,0.04715982565646507,0
1227,4457,0.4265971138393665,0.5734028861606335,1
1228,1931,0.7120432463745474,0.2879567536254526,0
1229,7005,0.6436484297143177,0.35635157028568226,0
1230,4639,0.5857885174381459,0.41421148256185414,0
1231,820,0.9769148926307941,0.023085107369205875,0
1232,2412,0.8556563471951094,0.14434365280489056,0
1233,3834,0.36893434090533705,0.631065659094663,1
1234,4235,0.4939905084429955,0.5060094915570045,1
1235,6747,0.8721603805514412,0.12783961944855882,0
1236,2235,0.5732320317466698,0.4267679682533302,0
1237,4173,0.45674573204712976,0.5432542679528702,1
1238,2350,0.9312629205840817,0.06873707941591839,0
1239,5866,0.9434917145145467,0.05650828548545327,0
1240,3988,0.35938223539205005,0.64061776460795,1
1241,4208,0.3944945391913883,0.6055054608086117,1
1242,6105,0.918596483286631,0.08140351671336901,0
1243,4381,0.3001791633040558,0.6998208366959442,1
1244,6507,0.9491484391270528,0.05085156087294718,0
1245,506,0.9693740815405426,0.03062591845945743,0
1246,6931,0.8154771018439303,0.1845228981560697,0
1247,5476,0.46832361763700425,0.5316763823629957,1
1248,2380,0.6071989971814296,0.3928010028185704,0
1249,2430,0.8259702695485677,0.17402973045143236,0
1250,2275,0.4922440294687287,0.5077559705312713,1
1251,5839,0.9798739590388177,0.020126040961182277,0
1252,468,0.9824206460711632,0.017579353928836784,0
1253,7017,0.9074277814357845,0.09257221856421553,0
1254,5697,0.9771040953009575,0.02289590469904247,0
1255,4277,0.4994722865033422,0.5005277134966578,1
1256,924,0.9943944779537579,0.005605522046242053,0
1257,1466,0.8922869762022696,0.10771302379773039,0
1258,3336,0.8258456298159146,0.17415437018408542,0
1259,6163,0.96715062444212,0.03284937555788,0
1260,146,0.9712307757800117,0.028769224219988256,0
1261,3348,0.6609932096676814,0.33900679033231856,0
1262,3220,0.7216039246842905,0.2783960753157095,0
1263,731,0.9378886617491703,0.06211133825082974,0
1264,3827,0.6667205367876375,0.33327946321236246,0
1265,5244,0.3725947995550697,0.6274052004449303,1
1266,3444,0.23049813507035166,0.7695018649296483,1
1267,4965,0.3417845601190389,0.6582154398809611,1
1268,572,0.957283090283017,0.04271690971698308,0
1269,475,0.9405090104035638,0.059490989596436145,0
1270,5997,0.8910026940957158,0.10899730590428428,0
1271,2713,0.8932473486914285,0.10675265130857152,0
1272,442,0.9749035333920498,0.025096466607950133,0
1273,626,0.9909964092856622,0.00900359071433772,0
1274,4362,0.34172060547657335,0.6582793945234267,1
1275,387,0.9805649346043083,0.019435065395691772,0
1276,4283,0.2685129582309813,0.7314870417690187,1
1277,1965,0.5625684503744062,0.4374315496255938,0
1278,914,0.9267982517462728,0.07320174825372718,0
1279,3552,0.26214299668758345,0.7378570033124165,1
1280,5820,0.9842057890199846,0.015794210980015416,0
1281,5857,0.9727771914356892,0.027222808564310853,0
1282,2977,0.8221121311397588,0.17788786886024116,0
1283,1170,0.9774479224905419,0.022552077509458094,0
1284,2054,0.6729150057912315,0.32708499420876846,0
1285,2833,0.931814572140802,0.06818542785919797,0
1286,5215,0.4435961027452513,0.5564038972547487,1
1287,4046,0.3842457837614016,0.6157542162385984,1
1288,6773,0.7798049156688345,0.22019508433116555,0
1289,456,0.9021536131268155,0.09784638687318443,0
1290,1624,0.7830022772492784,0.21699772275072166,0
1291,5222,0.40161671066432636,0.5983832893356736,1
1292,6673,0.7506105522070656,0.24938944779293434,0
1293,6919,0.8276940183080531,0.17230598169194686,0
1294,459,0.9761308965247224,0.0238691034752776,0
1295,6480,0.9531238905301228,0.04687610946987714,0
1296,2698,0.922161201589826,0.07783879841017406,0
1297,4612,0.3572964138137066,0.6427035861862934,1
1298,4142,0.5571505881393013,0.44284941186069876,0
1299,6634,0.9272444633469394,0.0727555366530605,0
1300,2527,0.9648382902446223,0.03516170975537771,0
1301,3183,0.8467702022520605,0.1532297977479395,0
1302,2324,0.7899671416751668,0.21003285832483323,0
1303,6976,0.773207442549876,0.22679255745012403,0
1304,2304,0.7824023472842787,0.21759765271572132,0
1305,2517,0.8604832241485697,0.13951677585143032,0
1306,2900,0.8071002015181553,0.19289979848184466,0
1307,741,0.9535362830935654,0.046463716906434534,0
1308,4366,0.581876015741947,0.41812398425805297,0
1309,4920,0.21461971341370334,0.7853802865862967,1
1310,6435,0.9622694497120614,0.03773055028793861,0
1311,2946,0.9559811663369284,0.0440188336630716,0
1312,2266,0.4304640556600141,0.5695359443399859,1
1313,943,0.9495289536727272,0.05047104632727286,0
1314,462,0.9724522897640235,0.02754771023597644,0
1315,6337,0.9251588773728981,0.0748411226271019,0
1316,2358,0.6458637686365934,0.35413623136340655,0
1317,2413,0.6942332882289656,0.3057667117710344,0
1318,4293,0.7815882787070336,0.21841172129296638,0
1319,4957,0.27400701111106085,0.7259929888889392,1
1320,5871,0.9862372428613447,0.013762757138655317,0
1321,5629,0.9921987328658312,0.007801267134168802,0
1322,4745,0.22429087337369713,0.7757091266263029,1
1323,1834,0.8885960144055917,0.11140398559440833,0
1324,3314,0.9523016246367835,0.04769837536321652,0
1325,4870,0.3593330165500286,0.6406669834499714,1
1326,5517,0.990392188155705,0.009607811844295069,0
1327,2004,0.8146029076263193,0.18539709237368068,0
1328,5510,0.22929005226617605,0.770709947733824,1
1329,4686,0.315250204662893,0.684749795337107,1
1330,806,0.7411245186615875,0.25887548133841254,0
1331,1643,0.7991189516189193,0.20088104838108067,0
1332,446,0.9773607610665228,0.022639238933477236,0
1333,1231,0.583479684636578,0.41652031536342204,0
1334,713,0.9542156851240786,0.04578431487592134,0
1335,6452,0.9916791756928616,0.00832082430713847,0
1336,402,0.9367712101155742,0.0632287898844258,0
1337,3442,0.5906405894068271,0.40935941059317293,0
1338,4672,0.3673441794909508,0.6326558205090492,1
1339,1036,0.9914610780573588,0.008538921942641145,0
1340,6026,0.8908229925418082,0.10917700745819185,0
1341,6078,0.9942177418441512,0.005782258155848726,0
1342,1817,0.6232103203534383,0.3767896796465617,0
1343,5021,0.3648560519951125,0.6351439480048875,1
1344,5767,0.9943584500500534,0.005641549949946619,0
1345,5017,0.5857785157217784,0.4142214842782216,0
1346,883,0.9213527348182861,0.07864726518171399,0
1347,3081,0.8271842865978671,0.17281571340213286,0
1348,1689,0.5511043403120033,0.4488956596879968,0
1349,4426,0.4735664771552105,0.5264335228447895,1
1350,5827,0.9944902528034809,0.00550974719651911,0
1351,2224,0.5141715999073625,0.4858284000926375,0
1352,5864,0.9844212415389162,0.015578758461083857,0
1353,1921,0.4560990566197157,0.5439009433802843,1
1354,1538,0.7858749329143959,0.21412506708560408,0
1355,561,0.938776269313903,0.061223730686096996,0
1356,2,0.9737891850914282,0.026210814908571814,0
1357,5912,0.9714391901962103,0.028560809803789763,0
1358,5971,0.9919349484793294,0.008065051520670621,0
1359,3472,0.4931443975235942,0.5068556024764058,1
1360,834,0.9262552416195526,0.07374475838044739,0
1361,4374,0.28233908369416083,0.7176609163058392,1
1362,1956,0.6048532934297598,0.3951467065702402,0
1363,5296,0.47974767215412706,0.5202523278458729,1
1364,3734,0.5751249999754415,0.4248750000245585,0
1365,5904,0.9817071015919026,0.018292898408097457,0
1366,6849,0.8627203846510048,0.13727961534899524,0
1367,1337,0.6261363035011698,0.3738636964988302,0
1368,1952,0.6539386031033226,0.34606139689667736,0
1369,4327,0.35497070638577743,0.6450292936142226,1
1370,5931,0.9870186657379009,0.012981334262099109,0
1371,4846,0.47492254928261113,0.5250774507173889,1
1372,3668,0.2975402438058199,0.7024597561941801,1
1373,2907,0.7877334213648269,0.21226657863517304,0
1374,5203,0.5194745623236462,0.4805254376763538,0
1375,4567,0.2094768656395979,0.7905231343604021,1
1376,6236,0.9245964994506619,0.07540350054933814,0
1377,3374,0.8836062086484405,0.11639379135155947,0
1378,5861,0.9691449128631268,0.030855087136873207,0
1379,770,0.9818580104906086,0.01814198950939135,0
1380,34,0.9651593203698604,0.034840679630139565,0
1381,2936,0.6812219271059089,0.3187780728940911,0
1382,5078,0.5950457036657728,0.40495429633422714,0
1383,3295,0.9013879927441981,0.09861200725580183,0
1384,3390,0.22431657908222813,0.7756834209177719,1
1385,135,0.9753827243984399,0.02461727560156012,0
1386,3261,0.8723020419420338,0.1276979580579662,0
1387,6616,0.8852640845314051,0.11473591546859485,0
1388,6047,0.9944103824814194,0.005589617518580584,0
1389,6802,0.7730192589597524,0.22698074104024757,0
1390,1833,0.47275895521141664,0.5272410447885834,1
1391,1217,0.7860452448699375,0.2139547551300625,0
1392,4025,0.7685720279877623,0.23142797201223778,0
1393,5196,0.28061752555064023,0.7193824744493598,1
1394,338,0.9777228573229463,0.02227714267705376,0
1395,4818,0.7581017790893608,0.24189822091063914,0
1396,1582,0.6108144325492578,0.3891855674507422,0
1397,1666,0.8800521387028144,0.11994786129718558,0
1398,2877,0.7906642631008877,0.20933573689911233,0
1399,5005,0.4450931095191706,0.5549068904808294,1
1400,4856,0.6475124270404515,0.35248757295954847,0
1401,6878,0.833222013037266,0.16677798696273405,0
1402,1524,0.6623724740821941,0.33762752591780587,0
1403,3536,0.25213173717957604,0.747868262820424,1
1404,3927,0.7228411637062518,0.27715883629374816,0
1405,263,0.9780321185479522,0.02196788145204772,0
1406,3245,0.8722423328173623,0.12775766718263773,0
